이상해씨,달콤한꿀/숙면토마토/따끈따끈감자
이상해풀,달콤한꿀/숙면토마토/따끈따끈감자
이상해꽃,달콤한꿀/숙면토마토/따끈따끈감자
파이리,콩고기/따듯한생강/불맛허브
리자드,콩고기/따듯한생강/불맛허브
리자몽,콩고기/따듯한생강/불맛허브
꼬부기,튼튼밀크/릴랙스카카오/콩고기
어니부기,튼튼밀크/릴랙스카카오/콩고기
거북왕,튼튼밀크/릴랙스카카오/콩고기
캐터피,달콤한꿀/숙면토마토/연둣빛대두
단데기,달콤한꿀/숙면토마토/연둣빛대두
버터플,달콤한꿀/숙면토마토/연둣빛대두
꼬렛,특선사과/연둣빛대두/콩고기
레트라,특선사과/연둣빛대두/콩고기
아보,콩고기/특선에그/불맛허브
아보크,콩고기/특선에그/불맛허브
피카츄,특선사과/특선에그/따듯한생강
피카츄(핼러윈)[이벤트],특선사과/특선에그/따듯한생강
피카츄(홀리데이)[이벤트],특선사과/특선에그/따듯한생강
라이츄,특선사과/특선에그/따듯한생강
삐삐,숙면토마토/달콤한꿀/연둣빛대두
픽시,숙면토마토/달콤한꿀/연둣빛대두
푸린,달콤한꿀/퓨어오일/릴랙스카카오
푸크린,달콤한꿀/퓨어오일/릴랙스카카오
디그다,숙면토마토/굵은대파/연둣빛대두
닥트리오,숙면토마토/굵은대파/연둣빛대두
나옹,튼튼밀크/콩고기
페르시온,튼튼밀크/콩고기
고라파덕,릴랙스카카오/풍미버섯/콩고기
골덕,릴랙스카카오/풍미버섯/콩고기
망키,콩고기/풍미버섯/달콤한꿀
성원숭,콩고기/풍미버섯/달콤한꿀
가디,불맛허브/콩고기/튼튼밀크
윈디,불맛허브/콩고기/튼튼밀크
모다피,숙면토마토/따끈따끈감자/굵은대파
우츠동,숙면토마토/따끈따끈감자/굵은대파
우츠보트,숙면토마토/따끈따끈감자/굵은대파
꼬마돌,연둣빛대두/풍미버섯/따끈따끈감자
데구리,연둣빛대두/풍미버섯/따끈따끈감자
딱구리,연둣빛대두/풍미버섯/따끈따끈감자
야돈,릴랙스카카오/맛있는꼬리/숙면토마토
야도란,릴랙스카카오/맛있는꼬리/숙면토마토
코일,퓨어오일/불맛허브
레어코일,퓨어오일/불맛허브
두두,연둣빛대두/릴랙스카카오/콩고기
두트리오,연둣빛대두/릴랙스카카오/콩고기
고오스,불맛허브/풍미버섯/퓨어오일
고우스트,불맛허브/풍미버섯/퓨어오일
팬텀,불맛허브/풍미버섯/퓨어오일
롱스톤,숙면토마토/콩고기/따끈따끈감자
탕구리,따듯한생강/릴랙스카카오
텅구리,따듯한생강/릴랙스카카오
캥카,따듯한생강/따끈따끈감자/연둣빛대두
마임맨,숙면토마토/따끈따끈감자/굵은대파
쁘사이저,달콤한꿀/특선사과/콩고기
메타몽,퓨어오일/굵은대파/맛있는꼬리
이브이,튼튼밀크/릴랙스카카오/콩고기
이브이(홀리데이)[이벤트],튼튼밀크/릴랙스카카오/콩고기
샤미드,튼튼밀크/릴랙스카카오/콩고기
쥬피썬더,튼튼밀크/릴랙스카카오/콩고기
부스터,튼튼밀크/릴랙스카카오/콩고기
미뇽,불맛허브/연둣빛옥수수/퓨어오일
신뇽,불맛허브/연둣빛옥수수/퓨어오일
망나뇽,불맛허브/연둣빛옥수수/퓨어오일
치코리타,릴랙스카카오/달콤한꿀/굵은대파
베이리프,릴랙스카카오/달콤한꿀/굵은대파
메가니움,릴랙스카카오/달콤한꿀/굵은대파
브케인,따듯한생강/불맛허브/릴랙스카카오
마그케인,따듯한생강/불맛허브/릴랙스카카오
블레이범,따듯한생강/불맛허브/릴랙스카카오
리아코,콩고기/퓨어오일
엘리게이,콩고기/퓨어오일
장크로다일,콩고기/퓨어오일
피츄,특선사과/특선에그/따듯한생강
삐,숙면토마토/달콤한꿀/연둣빛대두
푸푸린,달콤한꿀/퓨어오일/릴랙스카카오
토게피,특선에그/따듯한생강/릴랙스카카오
토게틱,특선에그/따듯한생강/릴랙스카카오
메리프,불맛허브/특선에그
보송송,불맛허브/특선에그
전룡,불맛허브/특선에그
꼬지모,숙면토마토/풍미버섯/연둣빛대두
에브이,튼튼밀크/릴랙스카카오/콩고기
블래키,튼튼밀크/릴랙스카카오/콩고기
야도킹,릴랙스카카오/맛있는꼬리/숙면토마토
마자용,특선사과/퓨어오일/풍미버섯
강철톤,숙면토마토/콩고기/따끈따끈감자
헤라크로스,달콤한꿀/풍미버섯
딜리버드,특선에그/특선사과
델빌,불맛허브/따듯한생강/굵은대파
헬가,불맛허브/따듯한생강/굵은대파
애버라스,따듯한생강/연둣빛대두/콩고기
데기라스,따듯한생강/연둣빛대두/콩고기
마기라스,따듯한생강/연둣빛대두/콩고기
랄토스,특선사과/연둣빛옥수수/굵은대파
킬리아,특선사과/연둣빛옥수수/굵은대파
가디안,특선사과/연둣빛옥수수/굵은대파
게을로,숙면토마토/달콤한꿀/특선사과
발바로,숙면토마토/달콤한꿀/특선사과
게을킹,숙면토마토/달콤한꿀/특선사과
깜까미,퓨어오일/풍미버섯/릴랙스카카오
가보리,콩고기/각성원두/연둣빛대두
갱도라,콩고기/각성원두/연둣빛대두
보스로라,콩고기/각성원두/연둣빛대두
꼴깍몬,연둣빛대두/풍미버섯/달콤한꿀
꿀꺽몬,연둣빛대두/풍미버섯/달콤한꿀
파비코,특선에그/연둣빛대두/특선사과
파비코리,특선에그/연둣빛대두/특선사과
어둠대신,퓨어오일/따듯한생강/풍미버섯
다크펫,퓨어오일/따듯한생강/풍미버섯
앱솔,릴랙스카카오/특선사과/풍미버섯
마자,특선사과/퓨어오일/풍미버섯
대굴레오,퓨어오일/따듯한생강/콩고기
씨레오,퓨어오일/따듯한생강/콩고기
씨카이저,퓨어오일/따듯한생강/콩고기
꼬링크,숙면토마토/퓨어오일/각성원두
럭시오,숙면토마토/퓨어오일/각성원두
렌트라,숙면토마토/퓨어오일/각성원두
꼬지지,숙면토마토/풍미버섯/연둣빛대두
흉내내,숙면토마토/따끈따끈감자/굵은대파
리오르,퓨어오일/따끈따끈감자/특선에그
루카리오,퓨어오일/따끈따끈감자/특선에그
삐딱구리,퓨어오일/콩고기
독개굴,퓨어오일/콩고기
눈쓰개,숙면토마토/특선에그/풍미버섯
눈설왕,숙면토마토/특선에그/풍미버섯
자포코일,퓨어오일/불맛허브
토게키스,특선에그/따듯한생강/릴랙스카카오
리피아,튼튼밀크/릴랙스카카오/콩고기
글레이시아,튼튼밀크/릴랙스카카오/콩고기
엘레이드,특선사과/연둣빛옥수수/굵은대파
님피아,튼튼밀크/릴랙스카카오/콩고기
데덴네,특선사과/릴랙스카카오/연둣빛옥수수
턱지충이,각성원두/풍미버섯/달콤한꿀
전지충이,각성원두/풍미버섯/달콤한꿀
투구뿌논,각성원두/풍미버섯/달콤한꿀
포곰곰,연둣빛옥수수/콩고기/특선에그
이븐곰,연둣빛옥수수/콩고기/특선에그
큐아링,연둣빛옥수수/따듯한생강/릴랙스카카오
윽우지,퓨어오일/따끈따끈감자/특선에그